<?xml version="1.0" encoding="UTF-8"?>
<!--
To change this license header, choose License Headers in Project Properties.
To change this template file, choose Tools | Templates
and open the template in the editor.
-->
 
<class>  
    <setting>  
        <id>1</id>  
        <name>Role</name>  
    </setting>  
      
    <setting>  
        <id>2</id>  
        <name>Blog</name>   
    </setting>  
  
    <setting>  
        <id>3</id>  
        <name>Service</name>   
    </setting>  
</class>  
